{
  "mtx_f": [
    [
      6383.0247759862605,
      0.0,
      1947.9777546135424
    ],
    [
      0.0,
      6375.378426917125,
      1152.9822586791818
    ],
    [
      0.0,
      0.0,
      1.0
    ]
  ],
  "dist_f": [
    [
      0.07385307368243797,
      0.2728873963376063,
      0.002812624738625144,
      -0.005292143751730175,
      2.280714250373087
    ]
  ],
  "mtx_b": [
    [
      6384.992508107776,
      0.0,
      2016.8665750774958
    ],
    [
      0.0,
      6379.609968801282,
      1183.5025578730892
    ],
    [
      0.0,
      0.0,
      1.0
    ]
  ],
  "dist_b": [
    [
      0.07361239678896284,
      0.36688647829372384,
      0.007265786793001295,
      -0.000384046303214379,
      2.222850868274432
    ]
  ],
  "R": [
    [
      0.999574910868772,
      0.0031831089278321215,
      -0.028980430970570976
    ],
    [
      -0.0036715241398779935,
      0.9998518652259055,
      -0.016815692515262874
    ],
    [
      0.028922611780002976,
      0.01691494669903308,
      0.9994385259264285
    ]
  ],
  "T": [
    [
      0.00048356118507973114
    ],
    [
      0.07630061506708082
    ],
    [
      0.0016201359738449899
    ]
  ],
  "E": [
    [
      0.0022127614364984807,
      -0.00032927513840538955,
      0.07628501795829218
    ],
    [
      0.0016054614192234577,
      -3.022342388696948e-06,
      -0.0005302419167642769
    ],
    [
      -0.07626995591147392,
      0.00024061638383371148,
      0.0022030932917630262
    ]
  ],
  "F": [
    [
      3.151538638194415e-08,
      -4.695345390378953e-09,
      0.00687913989906368
    ],
    [
      2.288517192794664e-08,
      -4.3133880400775516e-11,
      -9.277536006360584e-05
    ],
    [
      -0.007026532716610401,
      3.142850338403335e-05,
      1.0
    ]
  ]
}
